Title,Year,Rating,Plot
War Machine,2026,7.246,"On one last grueling mission during Army Ranger training, a combat engineer must lead his unit in a fight against a giant otherworldly killing machine."
Peaky Blinders: The Immortal Man,2026,7.344,"After his estranged son gets embroiled in a Nazi plot, self-exiled gangster Tommy Shelby must return to Birmingham to save his family — and his nation."
Shelter,2026,6.565,"A man living in self-imposed exile on a remote island rescues a young girl from a violent storm, setting off a chain of events that forces him out of seclusion to protect her from enemies tied to his past."
Avatar: Fire and Ash,2025,7.266,"In the wake of the devastating war against the RDA and the loss of their eldest son, Jake Sully and Neytiri face a new threat on Pandora: the Ash People, a violent and power-hungry Na'vi tribe led by the ruthless Varang. Jake's family must fight for their survival and the future of Pandora in a conflict that pushes them to their emotional and physical limits."
Scream 7,2026,5.861,"When a new Ghostface killer emerges in the quiet town where Sidney Prescott has built a new life, her darkest fears are realized as her daughter becomes the next target. Determined to protect her family, Sidney must face the horrors of her past to put an end to the bloodshed once and for all."
Project Hail Mary,2026,8.3,"Science teacher Ryland Grace wakes up on a spaceship light years from home with no recollection of who he is or how he got there. As his memory returns, he begins to uncover his mission: solve the riddle of the mysterious substance causing the sun to die out. He must call on his scientific knowledge and unorthodox ideas to save everything on Earth from extinction… but an unexpected friendship means he may not have to do it alone."
Crime 101,2026,7.01,"When an elusive thief whose high-stakes heists unfold along the iconic 101 freeway in Los Angeles eyes the score of a lifetime, with hopes of this being his final job, his path collides with a disillusioned insurance broker who is facing her own crossroads. Determined to crack the case, a relentless detective closes in on the operation, raising the stakes even higher."
Greenland 2: Migration,2026,6.389,"Having found the safety of the Greenland bunker after the comet Clarke decimated the Earth, the Garrity family must now risk everything to embark on a perilous journey across the wasteland of Europe to find a new home."
Zootopia 2,2025,7.61,"After cracking the biggest case in Zootopia's history, rookie cops Judy Hopps and Nick Wilde find themselves on the twisting trail of a great mystery when Gary De'Snake arrives and turns the animal metropolis upside down. To crack the case, Judy and Nick must go undercover to unexpected new parts of town, where their growing partnership is tested like never before."
Hoppers,2026,7.623,"Scientists have discovered how to 'hop' human consciousness into lifelike robotic animals, allowing people to communicate with animals as animals. Animal lover Mabel seizes an opportunity to use the technology, uncovering mysteries within the animal world beyond anything she could have imagined."
Whistle,2026,6.075,"A misfit group of unwitting high school students stumble upon a cursed object, an ancient Aztec Death Whistle. They discover that blowing the whistle and the terrifying sound it emits will summon their future deaths to hunt them down."
"""Wuthering Heights""",2026,6.364,"Tragedy strikes when Heathcliff falls in love with Catherine Earnshaw, a woman from a wealthy family in 18th-century England."
One Battle After Another,2025,7.39,"Washed-up revolutionary Bob exists in a state of stoned paranoia, surviving off-grid with his spirited, self-reliant daughter, Willa. When his evil nemesis resurfaces after 16 years and she goes missing, the former radical scrambles to find her, father and daughter both battling the consequences of his past."
Return to Silent Hill,2026,5.011,"When James receives a mysterious letter from his lost love Mary, he is drawn to Silent Hill—a once-familiar town now consumed by darkness. As he searches for her, James faces monstrous creatures and unravels a terrifying truth that will push him to the edge of his sanity."
Mercy,2026,7.083,"In the near future, a detective stands on trial accused of murdering his wife. He has ninety minutes to prove his innocence to the advanced AI Judge he once championed, before it determines his fate."
Hellfire,2026,6.942,A drifter with a mysterious past arrives in a small town and finds the residents in the grip of a ruthless crime boss and realizes he has to help them.
Vanaveera,2026,7.0,A descendant of the Vanara clan is pushed into conflict when a modern-day Ravana seizes his only bike for an election rally. What starts as a petty injustice soon erupts into a fierce fight for self-respect and dignity.
Demon Slayer: Kimetsu no Yaiba Infinity Castle,2025,7.7,"The Demon Slayer Corps are drawn into the Infinity Castle, where Tanjiro, Nezuko, and the Hashira face terrifying Upper Rank demons in a desperate fight as the final battle against Muzan Kibutsuji begins."
The Wrecking Crew,2026,6.881,"Estranged half-brothers Jonny and James reunite after their father's mysterious death. As they search for the truth, buried secrets reveal a conspiracy threatening to tear their family apart."
Sinners,2025,7.471,"Trying to leave their troubled lives behind, twin brothers return to their hometown to start again, only to discover that an even greater evil is waiting to welcome them back."
Dhurandhar: The Revenge,2026,7.5,"As rival gangs, corrupt officials and a ruthless Major Iqbal close in, Hamza's mission for his country spirals into a bloody personal war where the line between patriot and monster disappears in the streets of Lyari."
The Shadow's Edge,2025,7.2,Macau Police brings the tracking expert police officer out of retirement to help catch a dangerous group of professional thieves.
Lake Jesup: Bonecrusher's Revenge,2024,6.381,"In 2003, Lake Jesup became the stage for a real-life horror story, as a monstrous alligator escaped from captivity and began a reign of terror. As the body count rose, a desperate hunt ensued to stop the creature."
The Housemaid,2025,7.2,"Trying to escape her past, Millie Calloway accepts a job as a live-in housemaid for the wealthy Nina and Andrew Winchester. But what begins as a dream job quickly unravels into something far more dangerous—a sexy, seductive game of secrets, scandal, and power."
Bloodline Killer,2024,5.848,Moira Cole endeavors to rebuild her shattered life after her family's murder at the hands of her deranged and obsessed cousin.
War of the Worlds,2025,4.161,"Will Radford is a top analyst for Homeland Security who tracks potential threats through a mass surveillance program, until one day an attack by an unknown entity leads him to question whether the government is hiding something from him... and from the rest of the world."
Passenger 57,1992,5.996,"Airline security specialist John Cutter, finally returning to the job after his wife's death, finds himself stuck on a flight being hijacked by notorious terrorist Charles Rane. Unfortunately for the terrorists, they're also stuck with him."
Parallels,2015,6.021,An underground MMA fighter must confront his sister and his past in an adventure through parallel universes
Predator: Badlands,2025,7.7,"Cast out from his clan, a young Predator finds an unlikely ally in a damaged android and embarks on a treacherous journey in search of the ultimate adversary."
Summer School,1987,6.36,"A high-school gym teacher has big plans for the summer, but is forced to cancel them to teach a ""bonehead"" English class for misfit goof-off students. Fortunately, his unconventional brand of teaching fun field trips begins to connect with them, and even inspires ardor in some."
Agent Zeta,2026,6.833,"Four Spanish ex-intelligence officers are assassinated simultaneously worldwide. The CNI discovers all participated in the covert ""Operation Ciénaga"" decades ago in Colombia. Zeta, the CNI's best operative, must hunt and protect the sole survivor, facing his deadliest global mission yet. Top Colombian agent Alfa will join Zeta, seemingly knowing more about ""Ciénaga""'s secrets than him."
USS Christmas,2020,6.784,"Maddie, a reporter for a Norfolk newspaper, embarks on a Tiger Cruise during Christmastime where she meets a handsome naval officer and stumbles upon a mystery in the ship’s archive room."
Anaconda,2025,5.872,"A group of friends facing mid-life crises head to the rainforest with the intention of remaking their favorite movie from their youth, only to find themselves in a fight for their lives against natural disasters, giant snakes and violent criminals."
Play Dead,2025,5.6,"A woman wakes up injured in a basement surrounded by corpses. To survive, she pretends to be dead while a grotesque ritual unfolds in the house above."
Future World,2018,4.306,A young boy searches a future world wasteland for a rumored cure for his dying mother.
xXx,2002,5.98,"Xander Cage is your standard adrenaline junkie with no fear and a lousy attitude. When the US Government ""recruits"" him to go on a mission, he's not exactly thrilled. His mission: to gather information on an organization that may just be planning the destruction of the world, led by the nihilistic Yorgi."
Hunting Season,2025,6.997,"When a reclusive survivalist and his daughter rescue a mysterious, wounded woman from a river, they become entangled in a deadly web of violence and revenge, forcing them to confront a brutal criminal to survive."
The Giver,2014,6.558,"In a seemingly perfect community, without war, pain, suffering, differences or choice, a young boy is chosen to learn from an elderly man about the true pain and pleasure of the ""real"" world."
Spider-Man,1977,6.302,"When an extortionist threatens to force a multi-suicide unless a huge ransom is paid, only Peter Parker can stop him with his new powers as Spider-Man."
David,2025,8.1,"From the songs of his mother’s heart to the whispers of a faithful God, David’s story begins in quiet devotion. When the giant Goliath rises to terrorize a nation, a young shepherd armed with only a sling, a few stones, and unshakable faith steps forward. Pursued by power and driven by purpose, his journey tests the limits of loyalty, love, and courage—culminating in a battle not just for a crown, but for the soul of a kingdom."
The Rip,2026,7.067,"Trust frays when a team of Miami cops discovers millions in cash inside a run-down stash house, calling everyone — and everything — into question."
The Voices,2014,6.251,"A mentally unhinged factory worker must decide whether to listen to his talking cat and become a killer, or follow his dog's advice to keep striving for normalcy."
Bingo Bongo,1982,5.735,"The ape-man, found somewhere in the jungles of Congo, transferred to Milan and named Bingo Bongo. The only one who believes in the human qualities of him is Laura, a woman anthropologist , so their affection for each other even grows to love."
Saratoga Trunk,1945,5.7,An opportunistic Texas gambler and the exiled Creole daughter of an aristocratic family join forces to achieve justice from the society that has ostracized them.
[REC]⁴ Apocalypse,2014,5.61,"Ángela Vidal, the young television reporter who entered the building with the firemen, manages to make it out alive. But what the soldiers don't know is that she carries the seed of the strange infection. She is to be taken to a provisional quarantine facility, a high-security installation where she will have to stay in isolation for several days. An old oil tanker, miles off shore and surrounded by water on all sides, has been especially equipped for the quarantine."
Forgotten Love,2023,7.8,A once-respected surgeon who's lost his family and his memory gets a chance at redemption when he reconnects with someone from his forgotten past.
Re/Member: The Last Night,2025,4.7,"Three years after completing a deadly game, high schoolers trapped in a looping nightmare must survive brutal encounters and unravel a terrifying curse."
Cold Storage,2026,6.764,"When a mutating, highly contagious fungus escapes a sealed facility, two employees – joined by a grizzled bioterror operative – must survive the wildest night shift ever to save humanity from extinction."
28 Years Later: The Bone Temple,2026,7.196,Dr. Kelson finds himself in a shocking new relationship - with consequences that could change the world as they know it - and Spike's encounter with Jimmy Crystal becomes a nightmare he can't escape.
The Shawshank Redemption,1994,8.717,"Imprisoned in the 1940s for the double murder of his wife and her lover, upstanding banker Andy Dufresne begins a new life at the Shawshank prison, where he puts his accounting skills to work for an amoral warden. During his long stretch in prison, Dufresne comes to be admired by the other inmates -- including an older prisoner named Red -- for his integrity and unquenchable sense of hope."
Alpha,2025,6.354,"Alpha, a troubled 13-year-old lives with her single mom. Their world collapses the day she returns from school with a tattoo on her arm."
The Avengers,2012,7.973,"When an unexpected enemy emerges and threatens global safety and security, Nick Fury, director of the international peacekeeping agency known as S.H.I.E.L.D., finds himself in need of a team to pull the world back from the brink of disaster. Spanning the globe, a daring recruitment effort begins!"
State of Fear,2026,5.424,"As São Paulo erupts in an unprecedented wave of violence, a lawyer with underworld ties must strike a deal with the police to rescue her kidnapped niece."
The Internship,2026,6.142,"A CIA-trained assassin recruits other graduates from her secret childhood program, The Internship, to violently destroy the organization. The CIA fights back with deadly force."
JUJUTSU KAISEN: Execution,2025,5.8,"A veil abruptly descends over the busy Shibuya area amid the bustling Halloween crowds, trapping countless civilians inside. Satoru Gojo, the strongest jujutsu sorcerer, steps into the chaos. But lying in wait are curse users and spirits scheming to seal him away. Yuji Itadori, accompanied by his classmates and other top-tier jujutsu sorcerers, enters the fray in an unprecedented clash of curses — the Shibuya Incident. In the aftermath, ten colonies across Japan are transformed into dens of curses in a plan orchestrated by Noritoshi Kamo. As the deadly Culling Game starts, Special Grade sorcerer Yuta Okkotsu is assigned to carry out Yuji's execution for his perceived crimes. A compilation movie of Shibuya Incident including the first two episodes of the Culling Games arc."
Marty Supreme,2025,7.471,"Marty Mauser, a young man with a dream no one respects, goes to hell and back in pursuit of greatness."
Last Orders,2001,5.955,"Jack Dodd was a London butcher who enjoyed a pint with his mates for over 50 years. When he died, he died as he lived, with a smile on his face watching a horse race on which he had bet, with borrowed money. But before he died he had a final request, 'Last Orders', that his ashes be scattered in the sea at Margate. The movie follows his mates, Ray, Lenny and Vic and his foster son Vince as they journey to the sea with the ashes. Along the way, the threads of their lives, their loves and their disappointments are woven together in their memories of Jack and his wife Amy"
Brothers,2015,6.588,"The story of two brothers, Tom and Jake, and their problematic relationship."
KPop Demon Hunters,2025,8.041,"When K-pop superstars Rumi, Mira and Zoey aren't selling out stadiums, they're using their secret powers to protect their fans from supernatural threats."
Now You See Me: Now You Don't,2025,6.544,"The original Four Horsemen reunite with a new generation of illusionists to take on powerful diamond heiress Veronika Vanderberg, who leads a criminal empire built on money laundering and trafficking. The new and old magicians must overcome their differences to work together on their most ambitious heist yet."
"Good Luck, Have Fun, Don't Die",2026,6.884,A 'Man from the Future' arrives at an LA diner where he must recruit the precise combination of disgruntled patrons to join him on a one-night quest to save the world from the terminal threat of a rogue artificial intelligence.
Torrente for President,2026,6.542,"Years have passed since his last adventure, but José Luis Torrente, the most politically incorrect former cop in Spain, still sees himself as a national hero."
Wildcat,2025,6.206,An ex-black ops team reunite to pull off a desperate heist in order to save the life of their leader’s eight-year-old daughter.
Abot Langit,2026,5.0,"The relationship of a couple is tested when the girl’s first official flight pairs her with a confident senior pilot, jealousy and power dynamics surface in the training ground. The girl is now torn between her present relationship and new temptation she can’t resist."
Hamnet,2025,7.7,"The powerful story of love and loss that inspired the creation of Shakespeare's timeless masterpiece, Hamlet."
Interstellar,2014,8.468,The adventures of a group of explorers who make use of a newly discovered wormhole to surpass the limitations on human space travel and conquer the vast distances involved in an interstellar voyage.
Oscar Shaw,2026,6.741,"After retiring from the police force, a relentless detective haunted by the tragic loss of his closest friend sets out on a perilous quest for vengeance, seeking redemption and fighting to restore justice to the streets he once swore to protect."
El Conde,2023,6.157,"After living for over two centuries, Augusto Pinochet is a vampire ready to die… but the vultures around him won't let him go without one last bite."
American Made,2017,6.9,"The true story of pilot Barry Seal, who transported contraband for the CIA and the Medellin cartel in the 1980s."
Spider-Man: No Way Home,2021,7.933,"Peter Parker is unmasked and no longer able to separate his normal life from the high-stakes of being a super-hero. When he asks for help from Doctor Strange the stakes become even more dangerous, forcing him to discover what it truly means to be Spider-Man."
Slumdog Millionaire,2008,7.728,"A teenager reflects on his life after being accused of cheating on the Indian version of ""Who Wants to be a Millionaire?""."
Dhurandhar,2025,6.9,"A mysterious traveler slips into the heart of Karachi's underbelly and rises through its ranks with lethal precision, only to tear the notorious ISI-Underworld nexus apart from within."
Frankenstein,2025,7.651,"Dr. Victor Frankenstein, a brilliant but egotistical scientist, brings a creature to life in a monstrous experiment that ultimately leads to the undoing of both the creator and his tragic creation."
Bāhubali: The Epic,2025,6.0,"When a mysterious child is found by a tribal couple near a roaring waterfall, they raise him as their own. As he grows, Sivudu is drawn to the world beyond the cliffs, where he discovers the ancient kingdom of Mahishmati, ruled by a cruel tyrant, haunted by rebellion, and bound to his past. What begins as a quest for love soon unravels a legacy of betrayal, sacrifice, and a forgotten prince."
Fever Pitch,2005,6.2,"When Ben Wrightman, a young teacher, begins dating pretty businesswoman Lindsey Meeks, the two don't seem to have a lot of the same interests, but they fall in love, regardless. Their romance goes well until baseball season begins, and Lindsey soon realizes that Ben is completely obsessed with the Boston Red Sox. Though she tries to understand Ben's passionate team loyalty, eventually it threatens to end their otherwise happy relationship."
House on Eden,2025,4.763,"Paranormal investigators Kris, Celina and their videographer Jay are rerouted to an abandoned house deep in the woods, where they find themselves facing a force unlike anything they've encountered before. As the night spirals into chaos, missing crew members and eerie phenomena hint at an ancient, malevolent presence watching their every move."
Desperate Living,1977,6.4,"After killing her husband, Peggy Gravel and her murderous maid Grizelda wind up in the crazy town of Mortville, where Queen Carlotta presides over a sleazy collection of misfits."
Dracula,2025,7.091,"In late 15th-century Eastern Europe, Prince Vlad II’s bride is brutally murdered. As a result, he renounces God and damns Heaven itself. Cursed with eternal life, Vlad is reborn as Dracula, an immortal warlord who defies fate in a blood-soaked crusade to wrench his lost love back from death."
Kraken,2026,6.2,"Marine biologist Johanne is doing research on a fish farm in Vangsnes, a rural community located by the fjord, when she encounters several strange occurrences. Along with the brutal deaths of two local teenagers, all signs point to the deep fjord; can there be more to the depths than the eye can see? At the bottom of the deepest fjord rests a mythical monster as large as a mountain, with a myriad of arms ready to crush and devour anything they can grab."
Run,2012,5.333,"A backpacker on the run from home writes a letter home, but there may be more to him than appears."
The Catcher,1972,6.0,An ex-cop and a Harvard graduate team up to become bounty hunters.
Turbulence,2025,5.968,"Young married couple Zach and Emmy decide to take a hot air balloon trip across the Italian Dolomites to rekindle their relationship. When they and pilot Harry are joined by a third passenger, Julia, events unfold in ways they could never imagine five thousand meters in the air."
The Super Mario Bros. Movie,2023,7.6,"While working underground to fix a water main, Brooklyn plumbers—and brothers—Mario and Luigi are transported down a mysterious pipe and wander into a magical new world. But when the brothers are separated, Mario embarks on an epic quest to find Luigi."
Ready or Not: Here I Come,2026,7.346,"Moments after surviving an all-out attack from the Le Domas family, Grace discovers she’s reached the next level of the nightmarish game — and this time with her estranged sister Faith at her side. Grace has one chance to survive, keep her sister alive, and claim the High Seat of the Council that controls the world. Four rival families are hunting her for the throne, and whoever wins rules it all."
Osiris,2025,5.917,"Special Forces commandos on a mission are abducted mid-operation by a mysterious spacecraft. Upon waking aboard, they find themselves prey to a relentless alien race in a fight for survival."
Cipher Bureau,1938,4.4,The younger brother of an officer in a secret government code-breaking unit gets involved with a gang of spies and a beautiful double agent.
Robinson Crusoe,1954,6.339,"The titular adventurer, after defying his parents to go to sea, survives a shipwreck and becomes a castaway on a deserted island for nearly thirty years, learning to build a new life from scratch, discovering companionship with a native man he names Friday, and eventually returning to civilisation a changed man, finding wealth and new challenges."
Reminders of Him,2026,7.0,"When Diem's custodial grandparents adamantly refuse Kenna's attempts to see her daughter, Kenna discovers unexpected compassion, and then something truer and deeper, with former NFL player and local bar owner Ledger. As their secret romance develops, so do the dangers for both of them, leading Kenna toward heartbreak and, ultimately, the hope for a second chance."
Hollywood Homicide,2003,5.237,"Joe Gavilan and his new partner K. C. Calden, are detectives on the beat in Tinseltown. Neither one of them really wants to be a cop, Gavilan moonlights as a real estate broker, and Calden is an aspiring actor moonlighting as a yoga instructor. When the two are assigned a big case they must work out whether they want to solve the case or follow their hearts."
